2026-10-03 20:12:27,https://wgxls.site,True
2026-10-03 20:12:27,https://opengrok.wgxls.eu.org:8443,True
2026-10-03 20:12:27,https://pdf.wgxls.eu.org:8443,False
2026-10-03 20:12:27,https://image-host-wgx.pages.dev,True
2026-10-03 20:12:27,https://list.wgxls.eu.org:8443,True
2026-10-03 20:12:27,https://pma.wgxls.eu.org:8443,False
2026-10-03 20:12:27,https://lsky.wgxls.eu.org:8443,True
2026-10-03 20:17:38,https://wgxls.site,True
2026-10-03 20:17:38,https://opengrok.wgxls.eu.org:8443,True
2026-10-03 20:17:38,https://pdf.wgxls.eu.org:8443,False
2026-10-03 20:17:38,https://image-host-wgx.pages.dev,True
2026-10-03 20:17:38,https://list.wgxls.eu.org:8443,True
2026-10-03 20:17:38,https://pma.wgxls.eu.org:8443,False
2026-10-03 20:17:38,https://lsky.wgxls.eu.org:8443,True
2026-10-03 20:22:49,https://wgxls.site,True
2026-10-03 20:22:49,https://opengrok.wgxls.eu.org:8443,True
2026-10-03 20:22:49,https://pdf.wgxls.eu.org:8443,False
2026-10-03 20:22:49,https://image-host-wgx.pages.dev,True
2026-10-03 20:22:49,https://list.wgxls.eu.org:8443,True
2026-10-03 20:22:49,https://pma.wgxls.eu.org:8443,False
2026-10-03 20:22:49,https://lsky.wgxls.eu.org:8443,True
2026-10-03 20:27:59,https://wgxls.site,True
2026-10-03 20:27:59,https://opengrok.wgxls.eu.org:8443,True
2026-10-03 20:27:59,https://pdf.wgxls.eu.org:8443,False
2026-10-03 20:27:59,https://image-host-wgx.pages.dev,True
2026-10-03 20:27:59,https://list.wgxls.eu.org:8443,True
2026-10-03 20:27:59,https://pma.wgxls.eu.org:8443,False
2026-10-03 20:27:59,https://lsky.wgxls.eu.org:8443,True
2026-10-03 20:33:09,https://wgxls.site,True
2026-10-03 20:33:09,https://opengrok.wgxls.eu.org:8443,True
2026-10-03 20:33:09,https://pdf.wgxls.eu.org:8443,False
2026-10-03 20:33:09,https://image-host-wgx.pages.dev,True
2026-10-03 20:33:09,https://list.wgxls.eu.org:8443,True
2026-10-03 20:33:09,https://pma.wgxls.eu.org:8443,False
2026-10-03 20:33:09,https://lsky.wgxls.eu.org:8443,True
2026-10-03 23:09:38,https://wgxls.site,True
2026-10-03 23:09:38,https://opengrok.wgxls.eu.org:8443,True
2026-10-03 23:09:38,https://pdf.wgxls.eu.org:8443,False
2026-10-03 23:09:38,https://image-host-wgx.pages.dev,True
2026-10-03 23:09:38,https://list.wgxls.eu.org:8443,True
2026-10-03 23:09:38,https://pma.wgxls.eu.org:8443,False
2026-10-03 23:09:38,https://lsky.wgxls.eu.org:8443,True
2026-10-03 23:14:48,https://wgxls.site,True
2026-10-03 23:14:48,https://opengrok.wgxls.eu.org:8443,True
2026-10-03 23:14:48,https://pdf.wgxls.eu.org:8443,False
2026-10-03 23:14:48,https://image-host-wgx.pages.dev,True
2026-10-03 23:14:48,https://list.wgxls.eu.org:8443,True
2026-10-03 23:14:48,https://pma.wgxls.eu.org:8443,False
2026-10-03 23:14:48,https://lsky.wgxls.eu.org:8443,True
2026-10-03 23:19:59,https://wgxls.site,True
2026-10-03 23:19:59,https://opengrok.wgxls.eu.org:8443,True
2026-10-03 23:19:59,https://pdf.wgxls.eu.org:8443,False
2026-10-03 23:19:59,https://image-host-wgx.pages.dev,True
2026-10-03 23:19:59,https://list.wgxls.eu.org:8443,True
2026-10-03 23:19:59,https://pma.wgxls.eu.org:8443,False
2026-10-03 23:19:59,https://lsky.wgxls.eu.org:8443,True
2026-10-03 23:25:10,https://wgxls.site,True
2026-10-03 23:25:10,https://opengrok.wgxls.eu.org:8443,True
2026-10-03 23:25:10,https://pdf.wgxls.eu.org:8443,False
2026-10-03 23:25:10,https://image-host-wgx.pages.dev,True
2026-10-03 23:25:10,https://list.wgxls.eu.org:8443,True
2026-10-03 23:25:10,https://pma.wgxls.eu.org:8443,False
2026-10-03 23:25:10,https://lsky.wgxls.eu.org:8443,True
2026-10-03 23:30:20,https://wgxls.site,True
2026-10-03 23:30:20,https://opengrok.wgxls.eu.org:8443,True
2026-10-03 23:30:20,https://pdf.wgxls.eu.org:8443,False
2026-10-03 23:30:20,https://image-host-wgx.pages.dev,True
2026-10-03 23:30:20,https://list.wgxls.eu.org:8443,True
2026-10-03 23:30:20,https://pma.wgxls.eu.org:8443,False
2026-10-03 23:30:20,https://lsky.wgxls.eu.org:8443,True
2026-10-04 02:44:39,https://wgxls.site,True
2026-10-04 02:44:39,https://opengrok.wgxls.eu.org:8443,True
2026-10-04 02:44:39,https://pdf.wgxls.eu.org:8443,False
2026-10-04 02:44:39,https://image-host-wgx.pages.dev,True
2026-10-04 02:44:39,https://list.wgxls.eu.org:8443,True
2026-10-04 02:44:39,https://pma.wgxls.eu.org:8443,False
2026-10-04 02:44:39,https://lsky.wgxls.eu.org:8443,True
2026-10-04 02:49:49,https://wgxls.site,True
2026-10-04 02:49:49,https://opengrok.wgxls.eu.org:8443,True
2026-10-04 02:49:49,https://pdf.wgxls.eu.org:8443,False
2026-10-04 02:49:49,https://image-host-wgx.pages.dev,True
2026-10-04 02:49:49,https://list.wgxls.eu.org:8443,True
2026-10-04 02:49:49,https://pma.wgxls.eu.org:8443,False
2026-10-04 02:49:49,https://lsky.wgxls.eu.org:8443,True
2026-10-04 02:55:01,https://wgxls.site,True
2026-10-04 02:55:01,https://opengrok.wgxls.eu.org:8443,True
2026-10-04 02:55:01,https://pdf.wgxls.eu.org:8443,False
2026-10-04 02:55:01,https://image-host-wgx.pages.dev,True
2026-10-04 02:55:01,https://list.wgxls.eu.org:8443,True
2026-10-04 02:55:01,https://pma.wgxls.eu.org:8443,False
2026-10-04 02:55:01,https://lsky.wgxls.eu.org:8443,True
2026-10-04 03:00:11,https://wgxls.site,True
2026-10-04 03:00:11,https://opengrok.wgxls.eu.org:8443,True
2026-10-04 03:00:11,https://pdf.wgxls.eu.org:8443,False
2026-10-04 03:00:11,https://image-host-wgx.pages.dev,True
2026-10-04 03:00:11,https://list.wgxls.eu.org:8443,True
2026-10-04 03:00:11,https://pma.wgxls.eu.org:8443,False
2026-10-04 03:00:11,https://lsky.wgxls.eu.org:8443,True
2026-10-04 03:05:22,https://wgxls.site,True
2026-10-04 03:05:22,https://opengrok.wgxls.eu.org:8443,True
2026-10-04 03:05:22,https://pdf.wgxls.eu.org:8443,False
2026-10-04 03:05:22,https://image-host-wgx.pages.dev,True
2026-10-04 03:05:22,https://list.wgxls.eu.org:8443,True
2026-10-04 03:05:22,https://pma.wgxls.eu.org:8443,False
2026-10-04 03:05:22,https://lsky.wgxls.eu.org:8443,True
2026-10-04 08:50:37,https://wgxls.site,True
2026-10-04 08:50:37,https://opengrok.wgxls.eu.org:8443,True
2026-10-04 08:50:37,https://pdf.wgxls.eu.org:8443,False
2026-10-04 08:50:37,https://image-host-wgx.pages.dev,True
2026-10-04 08:50:37,https://list.wgxls.eu.org:8443,True
2026-10-04 08:50:37,https://pma.wgxls.eu.org:8443,False
2026-10-04 08:50:37,https://lsky.wgxls.eu.org:8443,True
2026-10-04 08:55:48,https://wgxls.site,True
2026-10-04 08:55:48,https://opengrok.wgxls.eu.org:8443,True
2026-10-04 08:55:48,https://pdf.wgxls.eu.org:8443,False
2026-10-04 08:55:48,https://image-host-wgx.pages.dev,True
2026-10-04 08:55:48,https://list.wgxls.eu.org:8443,True
2026-10-04 08:55:48,https://pma.wgxls.eu.org:8443,False
2026-10-04 08:55:48,https://lsky.wgxls.eu.org:8443,True
2026-10-04 09:00:59,https://wgxls.site,True
2026-10-04 09:00:59,https://opengrok.wgxls.eu.org:8443,True
2026-10-04 09:00:59,https://pdf.wgxls.eu.org:8443,False
2026-10-04 09:00:59,https://image-host-wgx.pages.dev,True
2026-10-04 09:00:59,https://list.wgxls.eu.org:8443,True
2026-10-04 09:00:59,https://pma.wgxls.eu.org:8443,False
2026-10-04 09:00:59,https://lsky.wgxls.eu.org:8443,True
2026-10-04 09:06:09,https://wgxls.site,True
2026-10-04 09:06:09,https://opengrok.wgxls.eu.org:8443,True
2026-10-04 09:06:09,https://pdf.wgxls.eu.org:8443,False
2026-10-04 09:06:09,https://image-host-wgx.pages.dev,True
2026-10-04 09:06:09,https://list.wgxls.eu.org:8443,True
2026-10-04 09:06:09,https://pma.wgxls.eu.org:8443,False
2026-10-04 09:06:09,https://lsky.wgxls.eu.org:8443,True
2026-10-04 09:11:21,https://wgxls.site,True
2026-10-04 09:11:21,https://opengrok.wgxls.eu.org:8443,True
2026-10-04 09:11:21,https://pdf.wgxls.eu.org:8443,False
2026-10-04 09:11:21,https://image-host-wgx.pages.dev,True
2026-10-04 09:11:21,https://list.wgxls.eu.org:8443,True
2026-10-04 09:11:21,https://pma.wgxls.eu.org:8443,False
2026-10-04 09:11:21,https://lsky.wgxls.eu.org:8443,True
2026-10-04 14:34:43,https://wgxls.site,True
2026-10-04 14:34:43,https://opengrok.wgxls.eu.org:8443,True
2026-10-04 14:34:43,https://pdf.wgxls.eu.org:8443,False
2026-10-04 14:34:43,https://image-host-wgx.pages.dev,True
2026-10-04 14:34:43,https://list.wgxls.eu.org:8443,True
2026-10-04 14:34:43,https://pma.wgxls.eu.org:8443,False
2026-10-04 14:34:43,https://lsky.wgxls.eu.org:8443,True
2026-10-04 14:39:56,https://wgxls.site,True
2026-10-04 14:39:56,https://opengrok.wgxls.eu.org:8443,True
2026-10-04 14:39:56,https://pdf.wgxls.eu.org:8443,False
2026-10-04 14:39:56,https://image-host-wgx.pages.dev,True
2026-10-04 14:39:56,https://list.wgxls.eu.org:8443,True
2026-10-04 14:39:56,https://pma.wgxls.eu.org:8443,False
2026-10-04 14:39:56,https://lsky.wgxls.eu.org:8443,True
2026-10-04 14:45:07,https://wgxls.site,True
2026-10-04 14:45:07,https://opengrok.wgxls.eu.org:8443,True
2026-10-04 14:45:07,https://pdf.wgxls.eu.org:8443,False
2026-10-04 14:45:07,https://image-host-wgx.pages.dev,True
2026-10-04 14:45:07,https://list.wgxls.eu.org:8443,True
2026-10-04 14:45:07,https://pma.wgxls.eu.org:8443,False
2026-10-04 14:45:07,https://lsky.wgxls.eu.org:8443,True
2026-10-04 14:50:18,https://wgxls.site,True
2026-10-04 14:50:18,https://opengrok.wgxls.eu.org:8443,True
2026-10-04 14:50:18,https://pdf.wgxls.eu.org:8443,False
2026-10-04 14:50:18,https://image-host-wgx.pages.dev,True
2026-10-04 14:50:18,https://list.wgxls.eu.org:8443,True
2026-10-04 14:50:18,https://pma.wgxls.eu.org:8443,False
2026-10-04 14:50:18,https://lsky.wgxls.eu.org:8443,True
2026-10-04 14:55:29,https://wgxls.site,True
2026-10-04 14:55:29,https://opengrok.wgxls.eu.org:8443,True
2026-10-04 14:55:29,https://pdf.wgxls.eu.org:8443,False
2026-10-04 14:55:29,https://image-host-wgx.pages.dev,True
2026-10-04 14:55:29,https://list.wgxls.eu.org:8443,True
2026-10-04 14:55:29,https://pma.wgxls.eu.org:8443,False
2026-10-04 14:55:29,https://lsky.wgxls.eu.org:8443,True
2026-10-04 18:22:33,https://wgxls.site,True
2026-10-04 18:22:33,https://opengrok.wgxls.eu.org:8443,True
2026-10-04 18:22:33,https://pdf.wgxls.eu.org:8443,False
2026-10-04 18:22:33,https://image-host-wgx.pages.dev,True
2026-10-04 18:22:33,https://list.wgxls.eu.org:8443,True
2026-10-04 18:22:33,https://pma.wgxls.eu.org:8443,False
2026-10-04 18:22:33,https://lsky.wgxls.eu.org:8443,True
2026-10-04 18:27:43,https://wgxls.site,True
2026-10-04 18:27:43,https://opengrok.wgxls.eu.org:8443,True
2026-10-04 18:27:43,https://pdf.wgxls.eu.org:8443,False
2026-10-04 18:27:43,https://image-host-wgx.pages.dev,True
2026-10-04 18:27:43,https://list.wgxls.eu.org:8443,True
2026-10-04 18:27:43,https://pma.wgxls.eu.org:8443,False
2026-10-04 18:27:43,https://lsky.wgxls.eu.org:8443,True
2026-10-04 18:32:52,https://wgxls.site,True
2026-10-04 18:32:52,https://opengrok.wgxls.eu.org:8443,True
2026-10-04 18:32:52,https://pdf.wgxls.eu.org:8443,False
2026-10-04 18:32:52,https://image-host-wgx.pages.dev,True
2026-10-04 18:32:52,https://list.wgxls.eu.org:8443,True
2026-10-04 18:32:52,https://pma.wgxls.eu.org:8443,False
2026-10-04 18:32:52,https://lsky.wgxls.eu.org:8443,True
2026-10-04 18:38:02,https://wgxls.site,True
2026-10-04 18:38:02,https://opengrok.wgxls.eu.org:8443,True
2026-10-04 18:38:02,https://pdf.wgxls.eu.org:8443,False
2026-10-04 18:38:02,https://image-host-wgx.pages.dev,True
2026-10-04 18:38:02,https://list.wgxls.eu.org:8443,True
2026-10-04 18:38:02,https://pma.wgxls.eu.org:8443,False
2026-10-04 18:38:02,https://lsky.wgxls.eu.org:8443,True
2026-10-04 18:43:12,https://wgxls.site,True
2026-10-04 18:43:12,https://opengrok.wgxls.eu.org:8443,True
2026-10-04 18:43:12,https://pdf.wgxls.eu.org:8443,False
2026-10-04 18:43:12,https://image-host-wgx.pages.dev,True
2026-10-04 18:43:12,https://list.wgxls.eu.org:8443,True
2026-10-04 18:43:12,https://pma.wgxls.eu.org:8443,False
2026-10-04 18:43:12,https://lsky.wgxls.eu.org:8443,True
2026-10-04 21:40:31,https://wgxls.site,True
2026-10-04 21:40:31,https://opengrok.wgxls.eu.org:8443,True
2026-10-04 21:40:31,https://pdf.wgxls.eu.org:8443,False
2026-10-04 21:40:31,https://image-host-wgx.pages.dev,True
2026-10-04 21:40:31,https://list.wgxls.eu.org:8443,True
2026-10-04 21:40:31,https://pma.wgxls.eu.org:8443,False
2026-10-04 21:40:31,https://lsky.wgxls.eu.org:8443,True
2026-10-04 21:45:41,https://wgxls.site,True
2026-10-04 21:45:41,https://opengrok.wgxls.eu.org:8443,True
2026-10-04 21:45:41,https://pdf.wgxls.eu.org:8443,False
2026-10-04 21:45:41,https://image-host-wgx.pages.dev,True
2026-10-04 21:45:41,https://list.wgxls.eu.org:8443,True
2026-10-04 21:45:41,https://pma.wgxls.eu.org:8443,False
2026-10-04 21:45:41,https://lsky.wgxls.eu.org:8443,True
2026-10-04 21:50:51,https://wgxls.site,True
2026-10-04 21:50:51,https://opengrok.wgxls.eu.org:8443,True
2026-10-04 21:50:51,https://pdf.wgxls.eu.org:8443,False
2026-10-04 21:50:51,https://image-host-wgx.pages.dev,True
2026-10-04 21:50:51,https://list.wgxls.eu.org:8443,True
2026-10-04 21:50:51,https://pma.wgxls.eu.org:8443,False
2026-10-04 21:50:51,https://lsky.wgxls.eu.org:8443,True
2026-10-04 21:56:01,https://wgxls.site,True
2026-10-04 21:56:01,https://opengrok.wgxls.eu.org:8443,True
2026-10-04 21:56:01,https://pdf.wgxls.eu.org:8443,False
2026-10-04 21:56:01,https://image-host-wgx.pages.dev,True
2026-10-04 21:56:01,https://list.wgxls.eu.org:8443,True
2026-10-04 21:56:01,https://pma.wgxls.eu.org:8443,False
2026-10-04 21:56:01,https://lsky.wgxls.eu.org:8443,True
2026-10-04 22:01:12,https://wgxls.site,True
2026-10-04 22:01:12,https://opengrok.wgxls.eu.org:8443,True
2026-10-04 22:01:12,https://pdf.wgxls.eu.org:8443,False
2026-10-04 22:01:12,https://image-host-wgx.pages.dev,True
2026-10-04 22:01:12,https://list.wgxls.eu.org:8443,True
2026-10-04 22:01:12,https://pma.wgxls.eu.org:8443,False
2026-10-04 22:01:12,https://lsky.wgxls.eu.org:8443,True
2026-10-05 00:10:35,https://wgxls.site,True
2026-10-05 00:10:35,https://opengrok.wgxls.eu.org:8443,True
2026-10-05 00:10:35,https://pdf.wgxls.eu.org:8443,False
2026-10-05 00:10:35,https://image-host-wgx.pages.dev,True
2026-10-05 00:10:35,https://list.wgxls.eu.org:8443,True
2026-10-05 00:10:35,https://pma.wgxls.eu.org:8443,False
2026-10-05 00:10:35,https://lsky.wgxls.eu.org:8443,True
2026-10-05 00:15:46,https://wgxls.site,True
2026-10-05 00:15:46,https://opengrok.wgxls.eu.org:8443,True
2026-10-05 00:15:46,https://pdf.wgxls.eu.org:8443,False
2026-10-05 00:15:46,https://image-host-wgx.pages.dev,True
2026-10-05 00:15:46,https://list.wgxls.eu.org:8443,True
2026-10-05 00:15:46,https://pma.wgxls.eu.org:8443,False
2026-10-05 00:15:46,https://lsky.wgxls.eu.org:8443,True
2026-10-05 00:20:57,https://wgxls.site,True
2026-10-05 00:20:57,https://opengrok.wgxls.eu.org:8443,True
2026-10-05 00:20:57,https://pdf.wgxls.eu.org:8443,False
2026-10-05 00:20:57,https://image-host-wgx.pages.dev,True
2026-10-05 00:20:57,https://list.wgxls.eu.org:8443,True
2026-10-05 00:20:57,https://pma.wgxls.eu.org:8443,False
2026-10-05 00:20:57,https://lsky.wgxls.eu.org:8443,True
2026-10-05 00:26:08,https://wgxls.site,True
2026-10-05 00:26:08,https://opengrok.wgxls.eu.org:8443,True
2026-10-05 00:26:08,https://pdf.wgxls.eu.org:8443,False
2026-10-05 00:26:08,https://image-host-wgx.pages.dev,True
2026-10-05 00:26:08,https://list.wgxls.eu.org:8443,True
2026-10-05 00:26:08,https://pma.wgxls.eu.org:8443,False
2026-10-05 00:26:08,https://lsky.wgxls.eu.org:8443,True
2026-10-05 00:31:19,https://wgxls.site,True
2026-10-05 00:31:19,https://opengrok.wgxls.eu.org:8443,True
2026-10-05 00:31:19,https://pdf.wgxls.eu.org:8443,False
2026-10-05 00:31:19,https://image-host-wgx.pages.dev,True
2026-10-05 00:31:19,https://list.wgxls.eu.org:8443,True
2026-10-05 00:31:19,https://pma.wgxls.eu.org:8443,False
2026-10-05 00:31:19,https://lsky.wgxls.eu.org:8443,True
2026-10-05 05:53:05,https://wgxls.site,True
2026-10-05 05:53:05,https://opengrok.wgxls.eu.org:8443,True
2026-10-05 05:53:05,https://pdf.wgxls.eu.org:8443,False
2026-10-05 05:53:05,https://image-host-wgx.pages.dev,True
2026-10-05 05:53:05,https://list.wgxls.eu.org:8443,True
2026-10-05 05:53:05,https://pma.wgxls.eu.org:8443,False
2026-10-05 05:53:05,https://lsky.wgxls.eu.org:8443,True
2026-10-05 05:58:16,https://wgxls.site,True
2026-10-05 05:58:16,https://opengrok.wgxls.eu.org:8443,True
2026-10-05 05:58:16,https://pdf.wgxls.eu.org:8443,False
2026-10-05 05:58:16,https://image-host-wgx.pages.dev,True
2026-10-05 05:58:16,https://list.wgxls.eu.org:8443,True
2026-10-05 05:58:16,https://pma.wgxls.eu.org:8443,False
2026-10-05 05:58:16,https://lsky.wgxls.eu.org:8443,True
2026-10-05 06:03:26,https://wgxls.site,True
2026-10-05 06:03:26,https://opengrok.wgxls.eu.org:8443,True
2026-10-05 06:03:26,https://pdf.wgxls.eu.org:8443,False
2026-10-05 06:03:26,https://image-host-wgx.pages.dev,True
2026-10-05 06:03:26,https://list.wgxls.eu.org:8443,True
2026-10-05 06:03:26,https://pma.wgxls.eu.org:8443,False
2026-10-05 06:03:26,https://lsky.wgxls.eu.org:8443,True
2026-10-05 06:08:37,https://wgxls.site,True
2026-10-05 06:08:37,https://opengrok.wgxls.eu.org:8443,True
2026-10-05 06:08:37,https://pdf.wgxls.eu.org:8443,False
2026-10-05 06:08:37,https://image-host-wgx.pages.dev,True
2026-10-05 06:08:37,https://list.wgxls.eu.org:8443,True
2026-10-05 06:08:37,https://pma.wgxls.eu.org:8443,False
2026-10-05 06:08:37,https://lsky.wgxls.eu.org:8443,True
2026-10-05 06:13:47,https://wgxls.site,True
2026-10-05 06:13:47,https://opengrok.wgxls.eu.org:8443,True
2026-10-05 06:13:47,https://pdf.wgxls.eu.org:8443,False
2026-10-05 06:13:47,https://image-host-wgx.pages.dev,True
2026-10-05 06:13:47,https://list.wgxls.eu.org:8443,True
2026-10-05 06:13:47,https://pma.wgxls.eu.org:8443,False
2026-10-05 06:13:47,https://lsky.wgxls.eu.org:8443,True
2026-10-05 13:24:27,https://wgxls.site,True
2026-10-05 13:24:27,https://opengrok.wgxls.eu.org:8443,True
2026-10-05 13:24:27,https://pdf.wgxls.eu.org:8443,False
2026-10-05 13:24:27,https://image-host-wgx.pages.dev,True
2026-10-05 13:24:27,https://list.wgxls.eu.org:8443,True
2026-10-05 13:24:27,https://pma.wgxls.eu.org:8443,False
2026-10-05 13:24:27,https://lsky.wgxls.eu.org:8443,True
2026-10-05 13:29:38,https://wgxls.site,True
2026-10-05 13:29:38,https://opengrok.wgxls.eu.org:8443,True
2026-10-05 13:29:38,https://pdf.wgxls.eu.org:8443,False
2026-10-05 13:29:38,https://image-host-wgx.pages.dev,True
2026-10-05 13:29:38,https://list.wgxls.eu.org:8443,True
2026-10-05 13:29:38,https://pma.wgxls.eu.org:8443,False
2026-10-05 13:29:38,https://lsky.wgxls.eu.org:8443,True
2026-10-05 13:34:53,https://wgxls.site,True
2026-10-05 13:34:53,https://opengrok.wgxls.eu.org:8443,True
2026-10-05 13:34:53,https://pdf.wgxls.eu.org:8443,False
2026-10-05 13:34:53,https://image-host-wgx.pages.dev,True
2026-10-05 13:34:53,https://list.wgxls.eu.org:8443,True
2026-10-05 13:34:53,https://pma.wgxls.eu.org:8443,False
2026-10-05 13:34:53,https://lsky.wgxls.eu.org:8443,True
2026-10-05 13:40:04,https://wgxls.site,True
2026-10-05 13:40:04,https://opengrok.wgxls.eu.org:8443,True
2026-10-05 13:40:04,https://pdf.wgxls.eu.org:8443,False
2026-10-05 13:40:04,https://image-host-wgx.pages.dev,True
2026-10-05 13:40:04,https://list.wgxls.eu.org:8443,True
2026-10-05 13:40:04,https://pma.wgxls.eu.org:8443,False
2026-10-05 13:40:04,https://lsky.wgxls.eu.org:8443,True
2026-10-05 13:45:16,https://wgxls.site,True
2026-10-05 13:45:16,https://opengrok.wgxls.eu.org:8443,True
2026-10-05 13:45:16,https://pdf.wgxls.eu.org:8443,False
2026-10-05 13:45:16,https://image-host-wgx.pages.dev,True
2026-10-05 13:45:16,https://list.wgxls.eu.org:8443,True
2026-10-05 13:45:16,https://pma.wgxls.eu.org:8443,False
2026-10-05 13:45:16,https://lsky.wgxls.eu.org:8443,True
2026-10-05 21:14:50,https://wgxls.site,True
2026-10-05 21:14:50,https://opengrok.wgxls.eu.org:8443,True
2026-10-05 21:14:50,https://pdf.wgxls.eu.org:8443,False
2026-10-05 21:14:50,https://image-host-wgx.pages.dev,True
2026-10-05 21:14:50,https://list.wgxls.eu.org:8443,True
2026-10-05 21:14:50,https://pma.wgxls.eu.org:8443,False
2026-10-05 21:14:50,https://lsky.wgxls.eu.org:8443,True
2026-10-05 21:20:01,https://wgxls.site,True
2026-10-05 21:20:01,https://opengrok.wgxls.eu.org:8443,True
2026-10-05 21:20:01,https://pdf.wgxls.eu.org:8443,False
2026-10-05 21:20:01,https://image-host-wgx.pages.dev,True
2026-10-05 21:20:01,https://list.wgxls.eu.org:8443,True
2026-10-05 21:20:01,https://pma.wgxls.eu.org:8443,False
2026-10-05 21:20:01,https://lsky.wgxls.eu.org:8443,True
2026-10-05 21:25:13,https://wgxls.site,True
2026-10-05 21:25:13,https://opengrok.wgxls.eu.org:8443,True
2026-10-05 21:25:13,https://pdf.wgxls.eu.org:8443,False
2026-10-05 21:25:13,https://image-host-wgx.pages.dev,True
2026-10-05 21:25:13,https://list.wgxls.eu.org:8443,True
2026-10-05 21:25:13,https://pma.wgxls.eu.org:8443,False
2026-10-05 21:25:13,https://lsky.wgxls.eu.org:8443,True
2026-10-05 21:30:24,https://wgxls.site,True
2026-10-05 21:30:24,https://opengrok.wgxls.eu.org:8443,True
2026-10-05 21:30:24,https://pdf.wgxls.eu.org:8443,False
2026-10-05 21:30:24,https://image-host-wgx.pages.dev,True
2026-10-05 21:30:24,https://list.wgxls.eu.org:8443,True
2026-10-05 21:30:24,https://pma.wgxls.eu.org:8443,False
2026-10-05 21:30:24,https://lsky.wgxls.eu.org:8443,True
2026-10-05 21:35:35,https://wgxls.site,True
2026-10-05 21:35:35,https://opengrok.wgxls.eu.org:8443,True
2026-10-05 21:35:35,https://pdf.wgxls.eu.org:8443,False
2026-10-05 21:35:35,https://image-host-wgx.pages.dev,True
2026-10-05 21:35:35,https://list.wgxls.eu.org:8443,True
2026-10-05 21:35:35,https://pma.wgxls.eu.org:8443,False
2026-10-05 21:35:35,https://lsky.wgxls.eu.org:8443,True
2026-10-06 01:47:44,https://wgxls.site,True
2026-10-06 01:47:44,https://opengrok.wgxls.eu.org:8443,True
2026-10-06 01:47:44,https://pdf.wgxls.eu.org:8443,False
2026-10-06 01:47:44,https://image-host-wgx.pages.dev,True
2026-10-06 01:47:44,https://list.wgxls.eu.org:8443,True
2026-10-06 01:47:44,https://pma.wgxls.eu.org:8443,False
2026-10-06 01:47:44,https://lsky.wgxls.eu.org:8443,True
2026-10-06 01:52:54,https://wgxls.site,True
2026-10-06 01:52:54,https://opengrok.wgxls.eu.org:8443,True
2026-10-06 01:52:54,https://pdf.wgxls.eu.org:8443,False
2026-10-06 01:52:54,https://image-host-wgx.pages.dev,True
2026-10-06 01:52:54,https://list.wgxls.eu.org:8443,True
2026-10-06 01:52:54,https://pma.wgxls.eu.org:8443,False
2026-10-06 01:52:54,https://lsky.wgxls.eu.org:8443,True
2026-10-06 01:58:03,https://wgxls.site,True
2026-10-06 01:58:03,https://opengrok.wgxls.eu.org:8443,True
2026-10-06 01:58:03,https://pdf.wgxls.eu.org:8443,False
2026-10-06 01:58:03,https://image-host-wgx.pages.dev,True
2026-10-06 01:58:03,https://list.wgxls.eu.org:8443,True
2026-10-06 01:58:03,https://pma.wgxls.eu.org:8443,False
2026-10-06 01:58:03,https://lsky.wgxls.eu.org:8443,True
2026-10-06 02:03:13,https://wgxls.site,True
2026-10-06 02:03:13,https://opengrok.wgxls.eu.org:8443,True
2026-10-06 02:03:13,https://pdf.wgxls.eu.org:8443,False
2026-10-06 02:03:13,https://image-host-wgx.pages.dev,True
2026-10-06 02:03:13,https://list.wgxls.eu.org:8443,True
2026-10-06 02:03:13,https://pma.wgxls.eu.org:8443,False
2026-10-06 02:03:13,https://lsky.wgxls.eu.org:8443,True
2026-10-06 02:08:23,https://wgxls.site,True
2026-10-06 02:08:23,https://opengrok.wgxls.eu.org:8443,True
2026-10-06 02:08:23,https://pdf.wgxls.eu.org:8443,False
2026-10-06 02:08:23,https://image-host-wgx.pages.dev,True
2026-10-06 02:08:23,https://list.wgxls.eu.org:8443,True
2026-10-06 02:08:23,https://pma.wgxls.eu.org:8443,False
2026-10-06 02:08:23,https://lsky.wgxls.eu.org:8443,True
2026-10-06 08:28:40,https://wgxls.site,True
2026-10-06 08:28:40,https://opengrok.wgxls.eu.org:8443,True
2026-10-06 08:28:40,https://pdf.wgxls.eu.org:8443,False
2026-10-06 08:28:40,https://image-host-wgx.pages.dev,True
2026-10-06 08:28:40,https://list.wgxls.eu.org:8443,True
2026-10-06 08:28:40,https://pma.wgxls.eu.org:8443,False
2026-10-06 08:28:40,https://lsky.wgxls.eu.org:8443,True
2026-10-06 08:33:51,https://wgxls.site,True
2026-10-06 08:33:51,https://opengrok.wgxls.eu.org:8443,True
2026-10-06 08:33:51,https://pdf.wgxls.eu.org:8443,False
2026-10-06 08:33:51,https://image-host-wgx.pages.dev,True
2026-10-06 08:33:51,https://list.wgxls.eu.org:8443,True
2026-10-06 08:33:51,https://pma.wgxls.eu.org:8443,False
2026-10-06 08:33:51,https://lsky.wgxls.eu.org:8443,True
2026-10-06 08:39:02,https://wgxls.site,True
2026-10-06 08:39:02,https://opengrok.wgxls.eu.org:8443,True
2026-10-06 08:39:02,https://pdf.wgxls.eu.org:8443,False
2026-10-06 08:39:02,https://image-host-wgx.pages.dev,True
2026-10-06 08:39:02,https://list.wgxls.eu.org:8443,True
2026-10-06 08:39:02,https://pma.wgxls.eu.org:8443,False
2026-10-06 08:39:02,https://lsky.wgxls.eu.org:8443,True
2026-10-06 08:44:15,https://wgxls.site,True
2026-10-06 08:44:15,https://opengrok.wgxls.eu.org:8443,True
2026-10-06 08:44:15,https://pdf.wgxls.eu.org:8443,False
2026-10-06 08:44:15,https://image-host-wgx.pages.dev,True
2026-10-06 08:44:15,https://list.wgxls.eu.org:8443,True
2026-10-06 08:44:15,https://pma.wgxls.eu.org:8443,False
2026-10-06 08:44:15,https://lsky.wgxls.eu.org:8443,True
2026-10-06 08:49:27,https://wgxls.site,True
2026-10-06 08:49:27,https://opengrok.wgxls.eu.org:8443,True
2026-10-06 08:49:27,https://pdf.wgxls.eu.org:8443,False
2026-10-06 08:49:27,https://image-host-wgx.pages.dev,True
2026-10-06 08:49:27,https://list.wgxls.eu.org:8443,True
2026-10-06 08:49:27,https://pma.wgxls.eu.org:8443,False
2026-10-06 08:49:27,https://lsky.wgxls.eu.org:8443,True
2026-10-06 15:27:31,https://wgxls.site,True
2026-10-06 15:27:31,https://opengrok.wgxls.eu.org:8443,True
2026-10-06 15:27:31,https://pdf.wgxls.eu.org:8443,False
2026-10-06 15:27:31,https://image-host-wgx.pages.dev,True
2026-10-06 15:27:31,https://list.wgxls.eu.org:8443,True
2026-10-06 15:27:31,https://pma.wgxls.eu.org:8443,False
2026-10-06 15:27:31,https://lsky.wgxls.eu.org:8443,True
2026-10-06 15:32:44,https://wgxls.site,True
2026-10-06 15:32:44,https://opengrok.wgxls.eu.org:8443,True
2026-10-06 15:32:44,https://pdf.wgxls.eu.org:8443,False
2026-10-06 15:32:44,https://image-host-wgx.pages.dev,True
2026-10-06 15:32:44,https://list.wgxls.eu.org:8443,True
2026-10-06 15:32:44,https://pma.wgxls.eu.org:8443,False
2026-10-06 15:32:44,https://lsky.wgxls.eu.org:8443,True
2026-10-06 15:37:58,https://wgxls.site,True
2026-10-06 15:37:58,https://opengrok.wgxls.eu.org:8443,True
2026-10-06 15:37:58,https://pdf.wgxls.eu.org:8443,False
2026-10-06 15:37:58,https://image-host-wgx.pages.dev,True
2026-10-06 15:37:58,https://list.wgxls.eu.org:8443,True
2026-10-06 15:37:58,https://pma.wgxls.eu.org:8443,False
2026-10-06 15:37:58,https://lsky.wgxls.eu.org:8443,True
2026-10-06 15:43:11,https://wgxls.site,True
2026-10-06 15:43:11,https://opengrok.wgxls.eu.org:8443,True
2026-10-06 15:43:11,https://pdf.wgxls.eu.org:8443,False
2026-10-06 15:43:11,https://image-host-wgx.pages.dev,True
2026-10-06 15:43:11,https://list.wgxls.eu.org:8443,True
2026-10-06 15:43:11,https://pma.wgxls.eu.org:8443,False
2026-10-06 15:43:11,https://lsky.wgxls.eu.org:8443,True
2026-10-06 15:48:28,https://wgxls.site,True
2026-10-06 15:48:28,https://opengrok.wgxls.eu.org:8443,True
2026-10-06 15:48:28,https://pdf.wgxls.eu.org:8443,False
2026-10-06 15:48:28,https://image-host-wgx.pages.dev,True
2026-10-06 15:48:28,https://list.wgxls.eu.org:8443,True
2026-10-06 15:48:28,https://pma.wgxls.eu.org:8443,False
2026-10-06 15:48:28,https://lsky.wgxls.eu.org:8443,True
2026-10-06 20:34:08,https://wgxls.site,True
2026-10-06 20:34:08,https://opengrok.wgxls.eu.org:8443,True
2026-10-06 20:34:08,https://pdf.wgxls.eu.org:8443,False
2026-10-06 20:34:08,https://image-host-wgx.pages.dev,True
2026-10-06 20:34:08,https://list.wgxls.eu.org:8443,True
2026-10-06 20:34:08,https://pma.wgxls.eu.org:8443,False
2026-10-06 20:34:08,https://lsky.wgxls.eu.org:8443,True
2026-10-06 20:39:18,https://wgxls.site,True
2026-10-06 20:39:18,https://opengrok.wgxls.eu.org:8443,True
2026-10-06 20:39:18,https://pdf.wgxls.eu.org:8443,False
2026-10-06 20:39:18,https://image-host-wgx.pages.dev,True
2026-10-06 20:39:18,https://list.wgxls.eu.org:8443,True
2026-10-06 20:39:18,https://pma.wgxls.eu.org:8443,False
2026-10-06 20:39:18,https://lsky.wgxls.eu.org:8443,True
2026-10-06 20:44:28,https://wgxls.site,True
2026-10-06 20:44:28,https://opengrok.wgxls.eu.org:8443,True
2026-10-06 20:44:28,https://pdf.wgxls.eu.org:8443,False
2026-10-06 20:44:28,https://image-host-wgx.pages.dev,True
2026-10-06 20:44:28,https://list.wgxls.eu.org:8443,True
2026-10-06 20:44:28,https://pma.wgxls.eu.org:8443,False
2026-10-06 20:44:28,https://lsky.wgxls.eu.org:8443,True
2026-10-06 20:49:39,https://wgxls.site,True
2026-10-06 20:49:39,https://opengrok.wgxls.eu.org:8443,True
2026-10-06 20:49:39,https://pdf.wgxls.eu.org:8443,False
2026-10-06 20:49:39,https://image-host-wgx.pages.dev,True
2026-10-06 20:49:39,https://list.wgxls.eu.org:8443,True
2026-10-06 20:49:39,https://pma.wgxls.eu.org:8443,False
2026-10-06 20:49:39,https://lsky.wgxls.eu.org:8443,True
2026-10-06 20:54:49,https://wgxls.site,True
2026-10-06 20:54:49,https://opengrok.wgxls.eu.org:8443,True
2026-10-06 20:54:49,https://pdf.wgxls.eu.org:8443,False
2026-10-06 20:54:49,https://image-host-wgx.pages.dev,True
2026-10-06 20:54:49,https://list.wgxls.eu.org:8443,True
2026-10-06 20:54:49,https://pma.wgxls.eu.org:8443,False
2026-10-06 20:54:49,https://lsky.wgxls.eu.org:8443,True
2026-10-07 00:08:36,https://wgxls.site,True
2026-10-07 00:08:36,https://opengrok.wgxls.eu.org:8443,True
2026-10-07 00:08:36,https://pdf.wgxls.eu.org:8443,False
2026-10-07 00:08:36,https://image-host-wgx.pages.dev,True
2026-10-07 00:08:36,https://list.wgxls.eu.org:8443,True
2026-10-07 00:08:36,https://pma.wgxls.eu.org:8443,False
2026-10-07 00:08:36,https://lsky.wgxls.eu.org:8443,True
2026-10-07 00:13:48,https://wgxls.site,True
2026-10-07 00:13:48,https://opengrok.wgxls.eu.org:8443,True
2026-10-07 00:13:48,https://pdf.wgxls.eu.org:8443,False
2026-10-07 00:13:48,https://image-host-wgx.pages.dev,True
2026-10-07 00:13:48,https://list.wgxls.eu.org:8443,True
2026-10-07 00:13:48,https://pma.wgxls.eu.org:8443,False
2026-10-07 00:13:48,https://lsky.wgxls.eu.org:8443,True
2026-10-07 00:18:58,https://wgxls.site,True
2026-10-07 00:18:58,https://opengrok.wgxls.eu.org:8443,True
2026-10-07 00:18:58,https://pdf.wgxls.eu.org:8443,False
2026-10-07 00:18:58,https://image-host-wgx.pages.dev,True
2026-10-07 00:18:58,https://list.wgxls.eu.org:8443,True
2026-10-07 00:18:58,https://pma.wgxls.eu.org:8443,False
2026-10-07 00:18:58,https://lsky.wgxls.eu.org:8443,True
2026-10-07 00:24:09,https://wgxls.site,True
2026-10-07 00:24:09,https://opengrok.wgxls.eu.org:8443,True
2026-10-07 00:24:09,https://pdf.wgxls.eu.org:8443,False
2026-10-07 00:24:09,https://image-host-wgx.pages.dev,True
2026-10-07 00:24:09,https://list.wgxls.eu.org:8443,True
2026-10-07 00:24:09,https://pma.wgxls.eu.org:8443,False
2026-10-07 00:24:09,https://lsky.wgxls.eu.org:8443,True
2026-10-07 00:29:19,https://wgxls.site,True
2026-10-07 00:29:19,https://opengrok.wgxls.eu.org:8443,True
2026-10-07 00:29:19,https://pdf.wgxls.eu.org:8443,False
2026-10-07 00:29:19,https://image-host-wgx.pages.dev,True
2026-10-07 00:29:19,https://list.wgxls.eu.org:8443,True
2026-10-07 00:29:19,https://pma.wgxls.eu.org:8443,False
2026-10-07 00:29:19,https://lsky.wgxls.eu.org:8443,True
2026-10-07 06:10:20,https://wgxls.site,True
2026-10-07 06:10:20,https://opengrok.wgxls.eu.org:8443,True
2026-10-07 06:10:20,https://pdf.wgxls.eu.org:8443,False
2026-10-07 06:10:20,https://image-host-wgx.pages.dev,True
2026-10-07 06:10:20,https://list.wgxls.eu.org:8443,True
2026-10-07 06:10:20,https://pma.wgxls.eu.org:8443,False
2026-10-07 06:10:20,https://lsky.wgxls.eu.org:8443,True
2026-10-07 06:15:30,https://wgxls.site,True
2026-10-07 06:15:30,https://opengrok.wgxls.eu.org:8443,True
2026-10-07 06:15:30,https://pdf.wgxls.eu.org:8443,False
2026-10-07 06:15:30,https://image-host-wgx.pages.dev,True
2026-10-07 06:15:30,https://list.wgxls.eu.org:8443,True
2026-10-07 06:15:30,https://pma.wgxls.eu.org:8443,False
2026-10-07 06:15:30,https://lsky.wgxls.eu.org:8443,True
2026-10-07 06:20:41,https://wgxls.site,True
2026-10-07 06:20:41,https://opengrok.wgxls.eu.org:8443,True
2026-10-07 06:20:41,https://pdf.wgxls.eu.org:8443,False
2026-10-07 06:20:41,https://image-host-wgx.pages.dev,True
2026-10-07 06:20:41,https://list.wgxls.eu.org:8443,True
2026-10-07 06:20:41,https://pma.wgxls.eu.org:8443,False
2026-10-07 06:20:41,https://lsky.wgxls.eu.org:8443,True
2026-10-07 06:25:55,https://wgxls.site,True
2026-10-07 06:25:55,https://opengrok.wgxls.eu.org:8443,True
2026-10-07 06:25:55,https://pdf.wgxls.eu.org:8443,False
2026-10-07 06:25:55,https://image-host-wgx.pages.dev,True
2026-10-07 06:25:55,https://list.wgxls.eu.org:8443,True
2026-10-07 06:25:55,https://pma.wgxls.eu.org:8443,False
2026-10-07 06:25:55,https://lsky.wgxls.eu.org:8443,True
2026-10-07 06:31:05,https://wgxls.site,True
2026-10-07 06:31:05,https://opengrok.wgxls.eu.org:8443,True
2026-10-07 06:31:05,https://pdf.wgxls.eu.org:8443,False
2026-10-07 06:31:05,https://image-host-wgx.pages.dev,True
2026-10-07 06:31:05,https://list.wgxls.eu.org:8443,True
2026-10-07 06:31:05,https://pma.wgxls.eu.org:8443,False
2026-10-07 06:31:05,https://lsky.wgxls.eu.org:8443,True
2026-10-07 13:36:29,https://wgxls.site,True
2026-10-07 13:36:29,https://opengrok.wgxls.eu.org:8443,True
2026-10-07 13:36:29,https://pdf.wgxls.eu.org:8443,False
2026-10-07 13:36:29,https://image-host-wgx.pages.dev,True
2026-10-07 13:36:29,https://list.wgxls.eu.org:8443,True
2026-10-07 13:36:29,https://pma.wgxls.eu.org:8443,False
2026-10-07 13:36:29,https://lsky.wgxls.eu.org:8443,True
2026-10-07 13:41:39,https://wgxls.site,True
2026-10-07 13:41:39,https://opengrok.wgxls.eu.org:8443,True
2026-10-07 13:41:39,https://pdf.wgxls.eu.org:8443,False
2026-10-07 13:41:39,https://image-host-wgx.pages.dev,True
2026-10-07 13:41:39,https://list.wgxls.eu.org:8443,True
2026-10-07 13:41:39,https://pma.wgxls.eu.org:8443,False
2026-10-07 13:41:39,https://lsky.wgxls.eu.org:8443,True
2026-10-07 13:46:50,https://wgxls.site,True
2026-10-07 13:46:50,https://opengrok.wgxls.eu.org:8443,True
2026-10-07 13:46:50,https://pdf.wgxls.eu.org:8443,False
2026-10-07 13:46:50,https://image-host-wgx.pages.dev,True
2026-10-07 13:46:50,https://list.wgxls.eu.org:8443,True
2026-10-07 13:46:50,https://pma.wgxls.eu.org:8443,False
2026-10-07 13:46:50,https://lsky.wgxls.eu.org:8443,True
2026-10-07 13:52:00,https://wgxls.site,True
2026-10-07 13:52:00,https://opengrok.wgxls.eu.org:8443,True
2026-10-07 13:52:00,https://pdf.wgxls.eu.org:8443,False
2026-10-07 13:52:00,https://image-host-wgx.pages.dev,True
2026-10-07 13:52:00,https://list.wgxls.eu.org:8443,True
2026-10-07 13:52:00,https://pma.wgxls.eu.org:8443,False
2026-10-07 13:52:00,https://lsky.wgxls.eu.org:8443,True
2026-10-07 13:57:10,https://wgxls.site,True
2026-10-07 13:57:10,https://opengrok.wgxls.eu.org:8443,True
2026-10-07 13:57:10,https://pdf.wgxls.eu.org:8443,False
2026-10-07 13:57:10,https://image-host-wgx.pages.dev,True
2026-10-07 13:57:10,https://list.wgxls.eu.org:8443,True
2026-10-07 13:57:10,https://pma.wgxls.eu.org:8443,False
2026-10-07 13:57:10,https://lsky.wgxls.eu.org:8443,True
2026-10-07 19:32:15,https://wgxls.site,True
2026-10-07 19:32:15,https://opengrok.wgxls.eu.org:8443,True
2026-10-07 19:32:15,https://pdf.wgxls.eu.org:8443,False
2026-10-07 19:32:15,https://image-host-wgx.pages.dev,True
2026-10-07 19:32:15,https://list.wgxls.eu.org:8443,True
2026-10-07 19:32:15,https://pma.wgxls.eu.org:8443,False
2026-10-07 19:32:15,https://lsky.wgxls.eu.org:8443,True
2026-10-07 19:37:26,https://wgxls.site,True
2026-10-07 19:37:26,https://opengrok.wgxls.eu.org:8443,True
2026-10-07 19:37:26,https://pdf.wgxls.eu.org:8443,False
2026-10-07 19:37:26,https://image-host-wgx.pages.dev,True
2026-10-07 19:37:26,https://list.wgxls.eu.org:8443,True
2026-10-07 19:37:26,https://pma.wgxls.eu.org:8443,False
2026-10-07 19:37:26,https://lsky.wgxls.eu.org:8443,True
2026-10-07 19:42:38,https://wgxls.site,True
2026-10-07 19:42:38,https://opengrok.wgxls.eu.org:8443,True
2026-10-07 19:42:38,https://pdf.wgxls.eu.org:8443,False
2026-10-07 19:42:38,https://image-host-wgx.pages.dev,True
2026-10-07 19:42:38,https://list.wgxls.eu.org:8443,True
2026-10-07 19:42:38,https://pma.wgxls.eu.org:8443,False
2026-10-07 19:42:38,https://lsky.wgxls.eu.org:8443,True
2026-10-07 19:47:50,https://wgxls.site,True
2026-10-07 19:47:50,https://opengrok.wgxls.eu.org:8443,True
2026-10-07 19:47:50,https://pdf.wgxls.eu.org:8443,False
2026-10-07 19:47:50,https://image-host-wgx.pages.dev,True
2026-10-07 19:47:50,https://list.wgxls.eu.org:8443,True
2026-10-07 19:47:50,https://pma.wgxls.eu.org:8443,False
2026-10-07 19:47:50,https://lsky.wgxls.eu.org:8443,True
2026-10-07 19:53:01,https://wgxls.site,True
2026-10-07 19:53:01,https://opengrok.wgxls.eu.org:8443,True
2026-10-07 19:53:01,https://pdf.wgxls.eu.org:8443,False
2026-10-07 19:53:01,https://image-host-wgx.pages.dev,True
2026-10-07 19:53:01,https://list.wgxls.eu.org:8443,True
2026-10-07 19:53:01,https://pma.wgxls.eu.org:8443,False
2026-10-07 19:53:01,https://lsky.wgxls.eu.org:8443,True
2026-10-07 23:50:28,https://wgxls.site,True
2026-10-07 23:50:28,https://opengrok.wgxls.eu.org:8443,True
2026-10-07 23:50:28,https://pdf.wgxls.eu.org:8443,False
2026-10-07 23:50:28,https://image-host-wgx.pages.dev,True
2026-10-07 23:50:28,https://list.wgxls.eu.org:8443,True
2026-10-07 23:50:28,https://pma.wgxls.eu.org:8443,False
2026-10-07 23:50:28,https://lsky.wgxls.eu.org:8443,True
2026-10-07 23:55:39,https://wgxls.site,True
2026-10-07 23:55:39,https://opengrok.wgxls.eu.org:8443,True
2026-10-07 23:55:39,https://pdf.wgxls.eu.org:8443,False
2026-10-07 23:55:39,https://image-host-wgx.pages.dev,True
2026-10-07 23:55:39,https://list.wgxls.eu.org:8443,True
2026-10-07 23:55:39,https://pma.wgxls.eu.org:8443,False
2026-10-07 23:55:39,https://lsky.wgxls.eu.org:8443,True
2026-10-08 00:00:51,https://wgxls.site,True
2026-10-08 00:00:51,https://opengrok.wgxls.eu.org:8443,True
2026-10-08 00:00:51,https://pdf.wgxls.eu.org:8443,False
2026-10-08 00:00:51,https://image-host-wgx.pages.dev,True
2026-10-08 00:00:51,https://list.wgxls.eu.org:8443,True
2026-10-08 00:00:51,https://pma.wgxls.eu.org:8443,False
2026-10-08 00:00:51,https://lsky.wgxls.eu.org:8443,True
2026-10-08 00:06:02,https://wgxls.site,True
2026-10-08 00:06:02,https://opengrok.wgxls.eu.org:8443,True
2026-10-08 00:06:02,https://pdf.wgxls.eu.org:8443,False
2026-10-08 00:06:02,https://image-host-wgx.pages.dev,True
2026-10-08 00:06:02,https://list.wgxls.eu.org:8443,True
2026-10-08 00:06:02,https://pma.wgxls.eu.org:8443,False
2026-10-08 00:06:02,https://lsky.wgxls.eu.org:8443,True
2026-10-08 00:11:13,https://wgxls.site,True
2026-10-08 00:11:13,https://opengrok.wgxls.eu.org:8443,True
2026-10-08 00:11:13,https://pdf.wgxls.eu.org:8443,False
2026-10-08 00:11:13,https://image-host-wgx.pages.dev,True
2026-10-08 00:11:13,https://list.wgxls.eu.org:8443,True
2026-10-08 00:11:13,https://pma.wgxls.eu.org:8443,False
2026-10-08 00:11:13,https://lsky.wgxls.eu.org:8443,True
2026-10-08 04:08:50,https://wgxls.site,True
2026-10-08 04:08:50,https://opengrok.wgxls.eu.org:8443,True
2026-10-08 04:08:50,https://pdf.wgxls.eu.org:8443,False
2026-10-08 04:08:50,https://image-host-wgx.pages.dev,True
2026-10-08 04:08:50,https://list.wgxls.eu.org:8443,True
2026-10-08 04:08:50,https://pma.wgxls.eu.org:8443,False
2026-10-08 04:08:50,https://lsky.wgxls.eu.org:8443,True
2026-10-08 04:14:02,https://wgxls.site,True
2026-10-08 04:14:02,https://opengrok.wgxls.eu.org:8443,True
2026-10-08 04:14:02,https://pdf.wgxls.eu.org:8443,False
2026-10-08 04:14:02,https://image-host-wgx.pages.dev,True
2026-10-08 04:14:02,https://list.wgxls.eu.org:8443,True
2026-10-08 04:14:02,https://pma.wgxls.eu.org:8443,False
2026-10-08 04:14:02,https://lsky.wgxls.eu.org:8443,True
2026-10-08 04:19:13,https://wgxls.site,True
2026-10-08 04:19:13,https://opengrok.wgxls.eu.org:8443,True
2026-10-08 04:19:13,https://pdf.wgxls.eu.org:8443,False
2026-10-08 04:19:13,https://image-host-wgx.pages.dev,True
2026-10-08 04:19:13,https://list.wgxls.eu.org:8443,True
2026-10-08 04:19:13,https://pma.wgxls.eu.org:8443,False
2026-10-08 04:19:13,https://lsky.wgxls.eu.org:8443,True
2026-10-08 04:24:25,https://wgxls.site,True
2026-10-08 04:24:25,https://opengrok.wgxls.eu.org:8443,True
2026-10-08 04:24:25,https://pdf.wgxls.eu.org:8443,False
2026-10-08 04:24:25,https://image-host-wgx.pages.dev,True
2026-10-08 04:24:25,https://list.wgxls.eu.org:8443,True
2026-10-08 04:24:25,https://pma.wgxls.eu.org:8443,False
2026-10-08 04:24:25,https://lsky.wgxls.eu.org:8443,True
2026-10-08 04:29:36,https://wgxls.site,True
2026-10-08 04:29:36,https://opengrok.wgxls.eu.org:8443,True
2026-10-08 04:29:36,https://pdf.wgxls.eu.org:8443,False
2026-10-08 04:29:36,https://image-host-wgx.pages.dev,True
2026-10-08 04:29:36,https://list.wgxls.eu.org:8443,True
2026-10-08 04:29:36,https://pma.wgxls.eu.org:8443,False
2026-10-08 04:29:36,https://lsky.wgxls.eu.org:8443,True
2026-10-08 11:27:28,https://wgxls.site,True
2026-10-08 11:27:28,https://opengrok.wgxls.eu.org:8443,True
2026-10-08 11:27:28,https://pdf.wgxls.eu.org:8443,False
2026-10-08 11:27:28,https://image-host-wgx.pages.dev,True
2026-10-08 11:27:28,https://list.wgxls.eu.org:8443,True
2026-10-08 11:27:28,https://pma.wgxls.eu.org:8443,False
2026-10-08 11:27:28,https://lsky.wgxls.eu.org:8443,True
2026-10-08 11:32:39,https://wgxls.site,True
2026-10-08 11:32:39,https://opengrok.wgxls.eu.org:8443,True
2026-10-08 11:32:39,https://pdf.wgxls.eu.org:8443,False
2026-10-08 11:32:39,https://image-host-wgx.pages.dev,True
2026-10-08 11:32:39,https://list.wgxls.eu.org:8443,True
2026-10-08 11:32:39,https://pma.wgxls.eu.org:8443,False
2026-10-08 11:32:39,https://lsky.wgxls.eu.org:8443,True
2026-10-08 11:37:49,https://wgxls.site,True
2026-10-08 11:37:49,https://opengrok.wgxls.eu.org:8443,True
2026-10-08 11:37:49,https://pdf.wgxls.eu.org:8443,False
2026-10-08 11:37:49,https://image-host-wgx.pages.dev,True
2026-10-08 11:37:49,https://list.wgxls.eu.org:8443,True
2026-10-08 11:37:49,https://pma.wgxls.eu.org:8443,False
2026-10-08 11:37:49,https://lsky.wgxls.eu.org:8443,True
2026-10-08 11:43:00,https://wgxls.site,True
2026-10-08 11:43:00,https://opengrok.wgxls.eu.org:8443,True
2026-10-08 11:43:00,https://pdf.wgxls.eu.org:8443,False
2026-10-08 11:43:00,https://image-host-wgx.pages.dev,True
2026-10-08 11:43:00,https://list.wgxls.eu.org:8443,True
2026-10-08 11:43:00,https://pma.wgxls.eu.org:8443,False
2026-10-08 11:43:00,https://lsky.wgxls.eu.org:8443,True
2026-10-08 11:48:11,https://wgxls.site,True
2026-10-08 11:48:11,https://opengrok.wgxls.eu.org:8443,True
2026-10-08 11:48:11,https://pdf.wgxls.eu.org:8443,False
2026-10-08 11:48:11,https://image-host-wgx.pages.dev,True
2026-10-08 11:48:11,https://list.wgxls.eu.org:8443,True
2026-10-08 11:48:11,https://pma.wgxls.eu.org:8443,False
2026-10-08 11:48:11,https://lsky.wgxls.eu.org:8443,True
2026-10-08 18:00:48,https://wgxls.site,True
2026-10-08 18:00:48,https://opengrok.wgxls.eu.org:8443,True
2026-10-08 18:00:48,https://pdf.wgxls.eu.org:8443,False
2026-10-08 18:00:48,https://image-host-wgx.pages.dev,True
2026-10-08 18:00:48,https://list.wgxls.eu.org:8443,True
2026-10-08 18:00:48,https://pma.wgxls.eu.org:8443,False
2026-10-08 18:00:48,https://lsky.wgxls.eu.org:8443,True
2026-10-08 18:05:59,https://wgxls.site,True
2026-10-08 18:05:59,https://opengrok.wgxls.eu.org:8443,True
2026-10-08 18:05:59,https://pdf.wgxls.eu.org:8443,False
2026-10-08 18:05:59,https://image-host-wgx.pages.dev,True
2026-10-08 18:05:59,https://list.wgxls.eu.org:8443,True
2026-10-08 18:05:59,https://pma.wgxls.eu.org:8443,False
2026-10-08 18:05:59,https://lsky.wgxls.eu.org:8443,True
2026-10-08 18:11:11,https://wgxls.site,True
2026-10-08 18:11:11,https://opengrok.wgxls.eu.org:8443,True
2026-10-08 18:11:11,https://pdf.wgxls.eu.org:8443,False
2026-10-08 18:11:11,https://image-host-wgx.pages.dev,True
2026-10-08 18:11:11,https://list.wgxls.eu.org:8443,True
2026-10-08 18:11:11,https://pma.wgxls.eu.org:8443,False
2026-10-08 18:11:11,https://lsky.wgxls.eu.org:8443,True
2026-10-08 18:16:23,https://wgxls.site,True
2026-10-08 18:16:23,https://opengrok.wgxls.eu.org:8443,True
2026-10-08 18:16:23,https://pdf.wgxls.eu.org:8443,False
2026-10-08 18:16:23,https://image-host-wgx.pages.dev,True
2026-10-08 18:16:23,https://list.wgxls.eu.org:8443,True
2026-10-08 18:16:23,https://pma.wgxls.eu.org:8443,False
2026-10-08 18:16:23,https://lsky.wgxls.eu.org:8443,True
2026-10-08 18:21:34,https://wgxls.site,True
2026-10-08 18:21:34,https://opengrok.wgxls.eu.org:8443,True
2026-10-08 18:21:34,https://pdf.wgxls.eu.org:8443,False
2026-10-08 18:21:34,https://image-host-wgx.pages.dev,True
2026-10-08 18:21:34,https://list.wgxls.eu.org:8443,True
2026-10-08 18:21:34,https://pma.wgxls.eu.org:8443,False
2026-10-08 18:21:34,https://lsky.wgxls.eu.org:8443,True
2026-10-08 23:13:59,https://wgxls.site,True
2026-10-08 23:13:59,https://opengrok.wgxls.eu.org:8443,True
2026-10-08 23:13:59,https://pdf.wgxls.eu.org:8443,False
2026-10-08 23:13:59,https://image-host-wgx.pages.dev,True
2026-10-08 23:13:59,https://list.wgxls.eu.org:8443,True
2026-10-08 23:13:59,https://pma.wgxls.eu.org:8443,False
2026-10-08 23:13:59,https://lsky.wgxls.eu.org:8443,True
2026-10-08 23:19:09,https://wgxls.site,True
2026-10-08 23:19:09,https://opengrok.wgxls.eu.org:8443,True
2026-10-08 23:19:09,https://pdf.wgxls.eu.org:8443,False
2026-10-08 23:19:09,https://image-host-wgx.pages.dev,True
2026-10-08 23:19:09,https://list.wgxls.eu.org:8443,True
2026-10-08 23:19:09,https://pma.wgxls.eu.org:8443,False
2026-10-08 23:19:09,https://lsky.wgxls.eu.org:8443,True
2026-10-08 23:24:20,https://wgxls.site,True
2026-10-08 23:24:20,https://opengrok.wgxls.eu.org:8443,True
2026-10-08 23:24:20,https://pdf.wgxls.eu.org:8443,False
2026-10-08 23:24:20,https://image-host-wgx.pages.dev,True
2026-10-08 23:24:20,https://list.wgxls.eu.org:8443,True
2026-10-08 23:24:20,https://pma.wgxls.eu.org:8443,False
2026-10-08 23:24:20,https://lsky.wgxls.eu.org:8443,True
2026-10-08 23:29:31,https://wgxls.site,True
2026-10-08 23:29:31,https://opengrok.wgxls.eu.org:8443,True
2026-10-08 23:29:31,https://pdf.wgxls.eu.org:8443,False
2026-10-08 23:29:31,https://image-host-wgx.pages.dev,True
2026-10-08 23:29:31,https://list.wgxls.eu.org:8443,True
2026-10-08 23:29:31,https://pma.wgxls.eu.org:8443,False
2026-10-08 23:29:31,https://lsky.wgxls.eu.org:8443,True
2026-10-08 23:34:41,https://wgxls.site,True
2026-10-08 23:34:41,https://opengrok.wgxls.eu.org:8443,True
2026-10-08 23:34:41,https://pdf.wgxls.eu.org:8443,False
2026-10-08 23:34:41,https://image-host-wgx.pages.dev,True
2026-10-08 23:34:41,https://list.wgxls.eu.org:8443,True
2026-10-08 23:34:41,https://pma.wgxls.eu.org:8443,False
2026-10-08 23:34:41,https://lsky.wgxls.eu.org:8443,True
2026-10-09 02:59:25,https://wgxls.site,True
2026-10-09 02:59:25,https://opengrok.wgxls.eu.org:8443,True
2026-10-09 02:59:25,https://pdf.wgxls.eu.org:8443,False
2026-10-09 02:59:25,https://image-host-wgx.pages.dev,True
2026-10-09 02:59:25,https://list.wgxls.eu.org:8443,True
2026-10-09 02:59:25,https://pma.wgxls.eu.org:8443,False
2026-10-09 02:59:25,https://lsky.wgxls.eu.org:8443,True
2026-10-09 03:04:36,https://wgxls.site,True
2026-10-09 03:04:36,https://opengrok.wgxls.eu.org:8443,True
2026-10-09 03:04:36,https://pdf.wgxls.eu.org:8443,False
2026-10-09 03:04:36,https://image-host-wgx.pages.dev,True
2026-10-09 03:04:36,https://list.wgxls.eu.org:8443,True
2026-10-09 03:04:36,https://pma.wgxls.eu.org:8443,False
2026-10-09 03:04:36,https://lsky.wgxls.eu.org:8443,True
2026-10-09 03:09:47,https://wgxls.site,True
2026-10-09 03:09:47,https://opengrok.wgxls.eu.org:8443,True
2026-10-09 03:09:47,https://pdf.wgxls.eu.org:8443,False
2026-10-09 03:09:47,https://image-host-wgx.pages.dev,True
2026-10-09 03:09:47,https://list.wgxls.eu.org:8443,True
2026-10-09 03:09:47,https://pma.wgxls.eu.org:8443,False
2026-10-09 03:09:47,https://lsky.wgxls.eu.org:8443,True
2026-10-09 03:14:57,https://wgxls.site,True
2026-10-09 03:14:57,https://opengrok.wgxls.eu.org:8443,True
2026-10-09 03:14:57,https://pdf.wgxls.eu.org:8443,False
2026-10-09 03:14:57,https://image-host-wgx.pages.dev,True
2026-10-09 03:14:57,https://list.wgxls.eu.org:8443,True
2026-10-09 03:14:57,https://pma.wgxls.eu.org:8443,False
2026-10-09 03:14:57,https://lsky.wgxls.eu.org:8443,True
2026-10-09 03:20:08,https://wgxls.site,True
2026-10-09 03:20:08,https://opengrok.wgxls.eu.org:8443,True
2026-10-09 03:20:08,https://pdf.wgxls.eu.org:8443,False
2026-10-09 03:20:08,https://image-host-wgx.pages.dev,True
2026-10-09 03:20:08,https://list.wgxls.eu.org:8443,True
2026-10-09 03:20:08,https://pma.wgxls.eu.org:8443,False
2026-10-09 03:20:08,https://lsky.wgxls.eu.org:8443,True
2026-10-09 10:16:02,https://wgxls.site,True
2026-10-09 10:16:02,https://opengrok.wgxls.eu.org:8443,True
2026-10-09 10:16:02,https://pdf.wgxls.eu.org:8443,False
2026-10-09 10:16:02,https://image-host-wgx.pages.dev,True
2026-10-09 10:16:02,https://list.wgxls.eu.org:8443,True
2026-10-09 10:16:02,https://pma.wgxls.eu.org:8443,False
2026-10-09 10:16:02,https://lsky.wgxls.eu.org:8443,True
2026-10-09 10:21:13,https://wgxls.site,True
2026-10-09 10:21:13,https://opengrok.wgxls.eu.org:8443,True
2026-10-09 10:21:13,https://pdf.wgxls.eu.org:8443,False
2026-10-09 10:21:13,https://image-host-wgx.pages.dev,True
2026-10-09 10:21:13,https://list.wgxls.eu.org:8443,True
2026-10-09 10:21:13,https://pma.wgxls.eu.org:8443,False
2026-10-09 10:21:13,https://lsky.wgxls.eu.org:8443,True
2026-10-09 10:26:26,https://wgxls.site,True
2026-10-09 10:26:26,https://opengrok.wgxls.eu.org:8443,True
2026-10-09 10:26:26,https://pdf.wgxls.eu.org:8443,False
2026-10-09 10:26:26,https://image-host-wgx.pages.dev,True
2026-10-09 10:26:26,https://list.wgxls.eu.org:8443,True
2026-10-09 10:26:26,https://pma.wgxls.eu.org:8443,False
2026-10-09 10:26:26,https://lsky.wgxls.eu.org:8443,True
2026-10-09 10:31:37,https://wgxls.site,True
2026-10-09 10:31:37,https://opengrok.wgxls.eu.org:8443,True
2026-10-09 10:31:37,https://pdf.wgxls.eu.org:8443,False
2026-10-09 10:31:37,https://image-host-wgx.pages.dev,True
2026-10-09 10:31:37,https://list.wgxls.eu.org:8443,True
2026-10-09 10:31:37,https://pma.wgxls.eu.org:8443,False
2026-10-09 10:31:37,https://lsky.wgxls.eu.org:8443,True
2026-10-09 10:36:49,https://wgxls.site,True
2026-10-09 10:36:49,https://opengrok.wgxls.eu.org:8443,True
2026-10-09 10:36:49,https://pdf.wgxls.eu.org:8443,False
2026-10-09 10:36:49,https://image-host-wgx.pages.dev,True
2026-10-09 10:36:49,https://list.wgxls.eu.org:8443,True
2026-10-09 10:36:49,https://pma.wgxls.eu.org:8443,False
2026-10-09 10:36:49,https://lsky.wgxls.eu.org:8443,True
2026-10-09 17:03:27,https://wgxls.site,True
2026-10-09 17:03:27,https://opengrok.wgxls.eu.org:8443,True
2026-10-09 17:03:27,https://pdf.wgxls.eu.org:8443,False
2026-10-09 17:03:27,https://image-host-wgx.pages.dev,True
2026-10-09 17:03:27,https://list.wgxls.eu.org:8443,True
2026-10-09 17:03:27,https://pma.wgxls.eu.org:8443,False
2026-10-09 17:03:27,https://lsky.wgxls.eu.org:8443,True
2026-10-09 17:08:39,https://wgxls.site,True
2026-10-09 17:08:39,https://opengrok.wgxls.eu.org:8443,True
2026-10-09 17:08:39,https://pdf.wgxls.eu.org:8443,False
2026-10-09 17:08:39,https://image-host-wgx.pages.dev,True
2026-10-09 17:08:39,https://list.wgxls.eu.org:8443,True
2026-10-09 17:08:39,https://pma.wgxls.eu.org:8443,False
2026-10-09 17:08:39,https://lsky.wgxls.eu.org:8443,True
2026-10-09 17:13:50,https://wgxls.site,True
2026-10-09 17:13:50,https://opengrok.wgxls.eu.org:8443,True
2026-10-09 17:13:50,https://pdf.wgxls.eu.org:8443,False
2026-10-09 17:13:50,https://image-host-wgx.pages.dev,True
2026-10-09 17:13:50,https://list.wgxls.eu.org:8443,True
2026-10-09 17:13:50,https://pma.wgxls.eu.org:8443,False
2026-10-09 17:13:50,https://lsky.wgxls.eu.org:8443,True
2026-10-09 17:19:01,https://wgxls.site,True
2026-10-09 17:19:01,https://opengrok.wgxls.eu.org:8443,True
2026-10-09 17:19:01,https://pdf.wgxls.eu.org:8443,False
2026-10-09 17:19:01,https://image-host-wgx.pages.dev,True
2026-10-09 17:19:01,https://list.wgxls.eu.org:8443,True
2026-10-09 17:19:01,https://pma.wgxls.eu.org:8443,False
2026-10-09 17:19:01,https://lsky.wgxls.eu.org:8443,True
2026-10-09 17:24:12,https://wgxls.site,True
2026-10-09 17:24:12,https://opengrok.wgxls.eu.org:8443,True
2026-10-09 17:24:12,https://pdf.wgxls.eu.org:8443,False
2026-10-09 17:24:12,https://image-host-wgx.pages.dev,True
2026-10-09 17:24:12,https://list.wgxls.eu.org:8443,True
2026-10-09 17:24:12,https://pma.wgxls.eu.org:8443,False
2026-10-09 17:24:12,https://lsky.wgxls.eu.org:8443,True
2026-10-09 21:46:19,https://wgxls.site,True
2026-10-09 21:46:19,https://opengrok.wgxls.eu.org:8443,True
2026-10-09 21:46:19,https://pdf.wgxls.eu.org:8443,False
2026-10-09 21:46:19,https://image-host-wgx.pages.dev,True
2026-10-09 21:46:19,https://list.wgxls.eu.org:8443,True
2026-10-09 21:46:19,https://pma.wgxls.eu.org:8443,False
2026-10-09 21:46:19,https://lsky.wgxls.eu.org:8443,True
2026-10-09 21:51:30,https://wgxls.site,True
2026-10-09 21:51:30,https://opengrok.wgxls.eu.org:8443,True
2026-10-09 21:51:30,https://pdf.wgxls.eu.org:8443,False
2026-10-09 21:51:30,https://image-host-wgx.pages.dev,True
2026-10-09 21:51:30,https://list.wgxls.eu.org:8443,True
2026-10-09 21:51:30,https://pma.wgxls.eu.org:8443,False
2026-10-09 21:51:30,https://lsky.wgxls.eu.org:8443,True
2026-10-09 21:56:40,https://wgxls.site,True
2026-10-09 21:56:40,https://opengrok.wgxls.eu.org:8443,True
2026-10-09 21:56:40,https://pdf.wgxls.eu.org:8443,False
2026-10-09 21:56:40,https://image-host-wgx.pages.dev,True
2026-10-09 21:56:40,https://list.wgxls.eu.org:8443,True
2026-10-09 21:56:40,https://pma.wgxls.eu.org:8443,False
2026-10-09 21:56:40,https://lsky.wgxls.eu.org:8443,True
2026-10-09 22:01:50,https://wgxls.site,True
2026-10-09 22:01:50,https://opengrok.wgxls.eu.org:8443,True
2026-10-09 22:01:50,https://pdf.wgxls.eu.org:8443,False
2026-10-09 22:01:50,https://image-host-wgx.pages.dev,True
2026-10-09 22:01:50,https://list.wgxls.eu.org:8443,True
2026-10-09 22:01:50,https://pma.wgxls.eu.org:8443,False
2026-10-09 22:01:50,https://lsky.wgxls.eu.org:8443,True
2026-10-09 22:07:01,https://wgxls.site,True
2026-10-09 22:07:01,https://opengrok.wgxls.eu.org:8443,True
2026-10-09 22:07:01,https://pdf.wgxls.eu.org:8443,False
2026-10-09 22:07:01,https://image-host-wgx.pages.dev,True
2026-10-09 22:07:01,https://list.wgxls.eu.org:8443,True
2026-10-09 22:07:01,https://pma.wgxls.eu.org:8443,False
2026-10-09 22:07:01,https://lsky.wgxls.eu.org:8443,True
2026-10-10 01:27:21,https://wgxls.site,True
2026-10-10 01:27:21,https://opengrok.wgxls.eu.org:8443,True
2026-10-10 01:27:21,https://pdf.wgxls.eu.org:8443,False
2026-10-10 01:27:21,https://image-host-wgx.pages.dev,True
2026-10-10 01:27:21,https://list.wgxls.eu.org:8443,True
2026-10-10 01:27:21,https://pma.wgxls.eu.org:8443,False
2026-10-10 01:27:21,https://lsky.wgxls.eu.org:8443,True
2026-10-10 01:32:39,https://wgxls.site,True
2026-10-10 01:32:39,https://opengrok.wgxls.eu.org:8443,True
2026-10-10 01:32:39,https://pdf.wgxls.eu.org:8443,False
2026-10-10 01:32:39,https://image-host-wgx.pages.dev,True
2026-10-10 01:32:39,https://list.wgxls.eu.org:8443,True
2026-10-10 01:32:39,https://pma.wgxls.eu.org:8443,False
2026-10-10 01:32:39,https://lsky.wgxls.eu.org:8443,True
2026-10-10 01:37:54,https://wgxls.site,True
2026-10-10 01:37:54,https://opengrok.wgxls.eu.org:8443,True
2026-10-10 01:37:54,https://pdf.wgxls.eu.org:8443,False
2026-10-10 01:37:54,https://image-host-wgx.pages.dev,True
2026-10-10 01:37:54,https://list.wgxls.eu.org:8443,True
2026-10-10 01:37:54,https://pma.wgxls.eu.org:8443,False
2026-10-10 01:37:54,https://lsky.wgxls.eu.org:8443,True
2026-10-10 01:43:04,https://wgxls.site,True
2026-10-10 01:43:04,https://opengrok.wgxls.eu.org:8443,True
2026-10-10 01:43:04,https://pdf.wgxls.eu.org:8443,False
2026-10-10 01:43:04,https://image-host-wgx.pages.dev,True
2026-10-10 01:43:04,https://list.wgxls.eu.org:8443,True
2026-10-10 01:43:04,https://pma.wgxls.eu.org:8443,False
2026-10-10 01:43:04,https://lsky.wgxls.eu.org:8443,True
2026-10-10 01:48:14,https://wgxls.site,True
2026-10-10 01:48:14,https://opengrok.wgxls.eu.org:8443,True
2026-10-10 01:48:14,https://pdf.wgxls.eu.org:8443,False
2026-10-10 01:48:14,https://image-host-wgx.pages.dev,True
2026-10-10 01:48:14,https://list.wgxls.eu.org:8443,True
2026-10-10 01:48:14,https://pma.wgxls.eu.org:8443,False
2026-10-10 01:48:14,https://lsky.wgxls.eu.org:8443,True
2026-10-10 07:45:08,https://wgxls.site,True
2026-10-10 07:45:08,https://opengrok.wgxls.eu.org:8443,True
2026-10-10 07:45:08,https://pdf.wgxls.eu.org:8443,False
2026-10-10 07:45:08,https://image-host-wgx.pages.dev,True
2026-10-10 07:45:08,https://list.wgxls.eu.org:8443,True
2026-10-10 07:45:08,https://pma.wgxls.eu.org:8443,False
2026-10-10 07:45:08,https://lsky.wgxls.eu.org:8443,True
2026-10-10 07:50:17,https://wgxls.site,True
2026-10-10 07:50:17,https://opengrok.wgxls.eu.org:8443,True
2026-10-10 07:50:17,https://pdf.wgxls.eu.org:8443,False
2026-10-10 07:50:17,https://image-host-wgx.pages.dev,True
2026-10-10 07:50:17,https://list.wgxls.eu.org:8443,True
2026-10-10 07:50:17,https://pma.wgxls.eu.org:8443,False
2026-10-10 07:50:17,https://lsky.wgxls.eu.org:8443,True
2026-10-10 07:55:26,https://wgxls.site,True
2026-10-10 07:55:26,https://opengrok.wgxls.eu.org:8443,True
2026-10-10 07:55:26,https://pdf.wgxls.eu.org:8443,False
2026-10-10 07:55:26,https://image-host-wgx.pages.dev,True
2026-10-10 07:55:26,https://list.wgxls.eu.org:8443,True
2026-10-10 07:55:26,https://pma.wgxls.eu.org:8443,False
2026-10-10 07:55:26,https://lsky.wgxls.eu.org:8443,True
2026-10-10 08:00:34,https://wgxls.site,True
2026-10-10 08:00:34,https://opengrok.wgxls.eu.org:8443,True
2026-10-10 08:00:34,https://pdf.wgxls.eu.org:8443,False
2026-10-10 08:00:34,https://image-host-wgx.pages.dev,True
2026-10-10 08:00:34,https://list.wgxls.eu.org:8443,True
2026-10-10 08:00:34,https://pma.wgxls.eu.org:8443,False
2026-10-10 08:00:34,https://lsky.wgxls.eu.org:8443,True
2026-10-10 08:05:43,https://wgxls.site,True
2026-10-10 08:05:43,https://opengrok.wgxls.eu.org:8443,True
2026-10-10 08:05:43,https://pdf.wgxls.eu.org:8443,False
2026-10-10 08:05:43,https://image-host-wgx.pages.dev,True
2026-10-10 08:05:43,https://list.wgxls.eu.org:8443,True
2026-10-10 08:05:43,https://pma.wgxls.eu.org:8443,False
2026-10-10 08:05:43,https://lsky.wgxls.eu.org:8443,True
2026-10-10 14:10:22,https://wgxls.site,True
2026-10-10 14:10:22,https://opengrok.wgxls.eu.org:8443,True
2026-10-10 14:10:22,https://pdf.wgxls.eu.org:8443,False
2026-10-10 14:10:22,https://image-host-wgx.pages.dev,True
2026-10-10 14:10:22,https://list.wgxls.eu.org:8443,True
2026-10-10 14:10:22,https://pma.wgxls.eu.org:8443,False
2026-10-10 14:10:22,https://lsky.wgxls.eu.org:8443,True
2026-10-10 14:15:40,https://wgxls.site,True
2026-10-10 14:15:40,https://opengrok.wgxls.eu.org:8443,True
2026-10-10 14:15:40,https://pdf.wgxls.eu.org:8443,False
2026-10-10 14:15:40,https://image-host-wgx.pages.dev,True
2026-10-10 14:15:40,https://list.wgxls.eu.org:8443,True
2026-10-10 14:15:40,https://pma.wgxls.eu.org:8443,False
2026-10-10 14:15:40,https://lsky.wgxls.eu.org:8443,True
2026-10-10 14:20:50,https://wgxls.site,True
2026-10-10 14:20:50,https://opengrok.wgxls.eu.org:8443,True
2026-10-10 14:20:50,https://pdf.wgxls.eu.org:8443,False
2026-10-10 14:20:50,https://image-host-wgx.pages.dev,True
2026-10-10 14:20:50,https://list.wgxls.eu.org:8443,True
2026-10-10 14:20:50,https://pma.wgxls.eu.org:8443,False
2026-10-10 14:20:50,https://lsky.wgxls.eu.org:8443,True
2026-10-10 14:26:06,https://wgxls.site,True
2026-10-10 14:26:06,https://opengrok.wgxls.eu.org:8443,True
2026-10-10 14:26:06,https://pdf.wgxls.eu.org:8443,False
2026-10-10 14:26:06,https://image-host-wgx.pages.dev,True
2026-10-10 14:26:06,https://list.wgxls.eu.org:8443,True
2026-10-10 14:26:06,https://pma.wgxls.eu.org:8443,False
2026-10-10 14:26:06,https://lsky.wgxls.eu.org:8443,True
2026-10-10 14:31:20,https://wgxls.site,True
2026-10-10 14:31:20,https://opengrok.wgxls.eu.org:8443,True
2026-10-10 14:31:20,https://pdf.wgxls.eu.org:8443,False
2026-10-10 14:31:20,https://image-host-wgx.pages.dev,True
2026-10-10 14:31:20,https://list.wgxls.eu.org:8443,True
2026-10-10 14:31:20,https://pma.wgxls.eu.org:8443,False
2026-10-10 14:31:20,https://lsky.wgxls.eu.org:8443,True
2026-10-10 18:42:23,https://wgxls.site,True
2026-10-10 18:42:23,https://opengrok.wgxls.eu.org:8443,True
2026-10-10 18:42:23,https://pdf.wgxls.eu.org:8443,False
2026-10-10 18:42:23,https://image-host-wgx.pages.dev,True
2026-10-10 18:42:23,https://list.wgxls.eu.org:8443,True
2026-10-10 18:42:23,https://pma.wgxls.eu.org:8443,False
2026-10-10 18:42:23,https://lsky.wgxls.eu.org:8443,True
2026-10-10 18:47:33,https://wgxls.site,True
2026-10-10 18:47:33,https://opengrok.wgxls.eu.org:8443,True
2026-10-10 18:47:33,https://pdf.wgxls.eu.org:8443,False
2026-10-10 18:47:33,https://image-host-wgx.pages.dev,True
2026-10-10 18:47:33,https://list.wgxls.eu.org:8443,True
2026-10-10 18:47:33,https://pma.wgxls.eu.org:8443,False
2026-10-10 18:47:33,https://lsky.wgxls.eu.org:8443,True
2026-10-10 18:52:43,https://wgxls.site,True
2026-10-10 18:52:43,https://opengrok.wgxls.eu.org:8443,True
2026-10-10 18:52:43,https://pdf.wgxls.eu.org:8443,False
2026-10-10 18:52:43,https://image-host-wgx.pages.dev,True
2026-10-10 18:52:43,https://list.wgxls.eu.org:8443,True
2026-10-10 18:52:43,https://pma.wgxls.eu.org:8443,False
2026-10-10 18:52:43,https://lsky.wgxls.eu.org:8443,True
2026-10-10 18:57:53,https://wgxls.site,True
2026-10-10 18:57:53,https://opengrok.wgxls.eu.org:8443,True
2026-10-10 18:57:53,https://pdf.wgxls.eu.org:8443,False
2026-10-10 18:57:53,https://image-host-wgx.pages.dev,True
2026-10-10 18:57:53,https://list.wgxls.eu.org:8443,True
2026-10-10 18:57:53,https://pma.wgxls.eu.org:8443,False
2026-10-10 18:57:53,https://lsky.wgxls.eu.org:8443,True
2026-10-10 19:03:04,https://wgxls.site,True
2026-10-10 19:03:04,https://opengrok.wgxls.eu.org:8443,True
2026-10-10 19:03:04,https://pdf.wgxls.eu.org:8443,False
2026-10-10 19:03:04,https://image-host-wgx.pages.dev,True
2026-10-10 19:03:04,https://list.wgxls.eu.org:8443,True
2026-10-10 19:03:04,https://pma.wgxls.eu.org:8443,False
2026-10-10 19:03:04,https://lsky.wgxls.eu.org:8443,True
